Dostawca,Produkt,Minimalna ilość,Maksymalna ilość,jednostka miary
Blue Service,Bowl opakowanie papierowe miska 1300 ml,2,10,Opak
Blue Service,Bowl opakowanie pokrywka plastik 1300 ml,1,2,Opak
Blue Service,Opakowaie sałatki duże jednocześciowe 750ml,1,2,Opak
Blue Service,Opakowanie sałatki małe jednocześciowe 250ml,1,2,Opak
Blue Service,Sos opakowanie pojemnik,5,15,Opak
Blue Service,Sos opakowanie pokrywka,2,7,opak
Blue Service,Opakowanie Frytki,"0,5","1,5",Opak
Blue Service,Tacki papierowe,3,15,Opak
Blue Service,Kubeczki papierowe,1,2,Opak
Blue Service,Torba na wynos z uszami,1,2,Szt
Blue Service,Torby fałdowane pojedycze do pity,1,3,Szt
Blue Service,Folia Alumiuniowa,2,5,Szt
Blue Service,Folia spożywcza,1,3,Szt
Blue Service,Papier Pergamin do pieczenia,1,3,Szt
Blue Service,Jednorazowe Noże,5,20,Opak
Blue Service,Jednorazowe Widelce,7,30,Opak
Blue Service,Słomki 250szt,1,2,Opak
Blue Service,Serwetki białe bez logo,"0,5","1,5",Box
Blue Service,Ręczniki papierowe ZZ,1,2,Opak
Blue Service,Domestos 5L,1,2,Szt
Blue Service,Ludwik do naczyń 5l,1,2,Szt
Blue Service,Płyn do mycia szyb Tenzi,1,2,Szt
Blue Service,Fenix grill cleaner 1L,2,6,Szt
Blue Service,Fenix degreaser 1L,1,4,Szt
Blue Service,Top Grill Tenzi 1L,1,2,Szt
Blue Service,Rękawiczki jednorazowe XL,2,5,Opak
Blue Service,Rękawiczki jednorazowe L,3,15,Opak
Blue Service,Rękawiczki jednorazowe M,3,15,Opak
Blue Service,Rękawiczki jednorazowe S,1,3,Opak
Blue Service,Gąbka do naczyń 10szt,1,2,Opak
Blue Service,Ścierka z mikrofibry,5,15,Szt
Blue Service,Worki na śmiecie 120 L,3,8,Opak
Bukat,Pomidor,10,48,Kg
Bukat,Cebula czerwona,5,15,Kg
Bukat,Awokado,2,4,Szt
Bukat,Cytryna,"0,5","1,5",Kg
Bukat,Ogórek,"0,5",2,Kg
Bukat,Papryka zielona,"0,5",2,Kg
Bukat,Sałata bolero mix 150gr,7,30,Opak
Bukat,Rucola 100 gr,5,20,Opak
Bukat,Natka Pietruszki,"0,2",1,Kg
Bukat,Czosnek,"0,2","0,5",Kg
Bukat,Cebula Biała,"0,2",1,Kg
Bukat,Tzatzyki 3kg,6,24,Pojemnik
Bukat,Tirokafteri 2kg,1,2,Pojemnik
Bukat,Feta blok 2kg,"0,5","1,5",Pojemnik
Coca Cola Hub,Cappy Jabłko,10,24,szt.
Coca Cola Hub,Cappy Pomarańcza,10,24,szt.
Coca Cola Hub,Fanta,10,48,szt.
Coca Cola Hub,Sprite,10,48,szt.
Coca Cola Hub,Coca Cola,50,120,szt.
Coca Cola Hub,Coca Cola Zero,70,150,szt.
Coca Cola Hub,Kropla Beskidu Niegazowana,30,50,szt.
Coca Cola Hub,Kropla Beskidu Gazowana,15,24,szt.
Filber Wyspy Piwne,Lemoniada Lemon,10,48,szt.
Filber Wyspy Piwne,Lemoniada Orange,10,48,szt.
Filber Wyspy Piwne,Lemoniada Grapefruit,10,48,szt.
Intermlecz,Masło MR 500g,3,9,Szt
Intermlecz,Oliwki kalamata 2kg Bidon,"0,5","1,5",Opak
Intermlecz,Halloumi Reha 200gr,24,100,Szt
Intermlecz,"Helcom Papryka Grillowana Czerwona 4,2kg/2,5kg","0,5","1,5",Opak
Intermlecz,"Frytki Aviko Super Crunch 9,5mm 2,5kg",20,60,Szt
Intermlecz,"Frytki z batatów Aviko 2,27kg",2,6,Szt
Intermlecz,"Fasolka Szparagowa mrożona 2,5kg","0,5","1,5",Opak
Intermlecz,Frytura Eppo 15L,1,3,Szt
Intermlecz,Woda 5L,2,7,Szt
Intermlecz,Olej Rzepakowy 5 L,"0,5","1,5",Szt
Intermlecz,"Ketchup Fanex VII 1,1 kg",2,5,Szt
Intermlecz,Develey Musztarda 3 kg,1,2,Szt
Intermlecz,Fanex Majonez 4kg,1,2,Szt
Intermlecz,Oliwa z Oliwek 1L,2,6,Szt
Intermlecz,Cieciorka w zalewie 400g/240g,6,24,Szt
Intermlecz,Kasza Pęczak Melvit 900g,2,10,Szt
Intermlecz,Sriracha chili 730 ml,1,3,Szt
Intermlecz,Miód 1 kg,1,2,Szt
Intermlecz,Prymat Pieprz,"0,5","1,5",Opak
Intermlecz,Prymat Oregano,"0,5","1,5",Opak
Intermlecz,Prymat Papryka słodka - mielona,"0,5","1,5",Opak
Intermlecz,Sól kamienna 1kg,2,10,Opak
Intermlecz,Prymat Liść Laurowy,"0,5","1,5",Opak
Intermlecz,Kamis Ziele Angielskie,"0,5","1,5",Opak
Intermlecz,Sól w saszetkach 5g,"0,5","1,5",Opak
Intermlecz,Pieprz  w saszetkach 5g,"0,5","1,5",Opak
Intermlecz,Kawa Jacobs Cronat Gold Rozpuszczalna 200gr,"0,5","1,5",Opak
Intermlecz,Herbata Lipton Yellow Label 100szt,"0,5","1,5",Opak
Intermlecz,Cukier w kostkach Diament 1kg,"0,5","1,5",Opak
Kuchnie Świata,Falafel,5,20,Kg
Pago,Przyprawa do souvlakow,"0,5","1,5",Kg
Pago,Gyros 15 KG,0,0,Szt
Pago,Gyros 25 KG,2,9,Szt
Pago,Bifteki burgers,"0,5","1,5",Box
Pago,Pita (opakowania) szt 10,1,7,Box
Pago,Souvlaki Kurczak,4,15,Box
Pago,Souvlaki Wieprz,2,5,Box
Magazyn,Boxy PB,"0,5","1,5",Opak
Magazyn,Papier do Pita (PB),"0,5","1,5",Opak
Magazyn,Serwetki PB,2,8,Opak
Magazyn,Tacki bez logo,3,8,Opak
Magazyn,Papier termiczny - aluminiowy,"0,5","1,5",Opak
Magazyn,Rolki do kasy 57/50,2,5,Opak
Magazyn,Rolki do kasy 80/80,2,4,Opak
Magazyn,Koperty,10,50,Szt
Magazyn,Markery,2,4,Szt
Magazyn,Długopisy,2,4,Szt
Magazyn,Zszywki do zszywacza ,1,3,Opak